path,label,utterance_id,codec
/kaggle/input/datasets/pankajsomkuwar/asvspoof-2021-df/ASVspoof2021_DF_eval_part01/ASVspoof2021_DF_eval/flac/DF_E_2865615.flac,0,DF_E_2865615,low_ogg
/kaggle/input/datasets/pankajsomkuwar/asvspoof-2021-df/ASVspoof2021_DF_eval_part03/ASVspoof2021_DF_eval/flac/DF_E_4982165.flac,0,DF_E_4982165,low_mp3
/kaggle/input/datasets/pankajsomkuwar/asvspoof-2021-df/ASVspoof2021_DF_eval_part01/ASVspoof2021_DF_eval/flac/DF_E_3483294.flac,0,DF_E_3483294,high_ogg
/kaggle/input/datasets/pankajsomkuwar/asvspoof-2021-df/ASVspoof2021_DF_eval_part02/ASVspoof2021_DF_eval/flac/DF_E_3554484.flac,0,DF_E_3554484,high_mp3
/kaggle/input/datasets/pankajsomkuwar/asvspoof-2021-df/ASVspoof2021_DF_eval_part00/ASVspoof2021_DF_eval/flac/DF_E_2432004.flac,0,DF_E_2432004,low_mp3
/kaggle/input/datasets/pankajsomkuwar/asvspoof-2021-df/ASVspoof2021_DF_eval_part00/ASVspoof2021_DF_eval/flac/DF_E_2335444.flac,0,DF_E_2335444,high_m4a
/kaggle/input/datasets/pankajsomkuwar/asvspoof-2021-df/ASVspoof2021_DF_eval_part00/ASVspoof2021_DF_eval/flac/DF_E_2654953.flac,0,DF_E_2654953,oggm4a
/kaggle/input/datasets/pankajsomkuwar/asvspoof-2021-df/ASVspoof2021_DF_eval_part01/ASVspoof2021_DF_eval/flac/DF_E_3413389.flac,0,DF_E_3413389,high_m4a
/kaggle/input/datasets/pankajsomkuwar/asvspoof-2021-df/ASVspoof2021_DF_eval_part01/ASVspoof2021_DF_eval/flac/DF_E_3108967.flac,0,DF_E_3108967,oggm4a
/kaggle/input/datasets/pankajsomkuwar/asvspoof-2021-df/ASVspoof2021_DF_eval_part03/ASVspoof2021_DF_eval/flac/DF_E_4587027.flac,0,DF_E_4587027,low_m4a
/kaggle/input/datasets/pankajsomkuwar/asvspoof-2021-df/ASVspoof2021_DF_eval_part01/ASVspoof2021_DF_eval/flac/DF_E_3359175.flac,0,DF_E_3359175,high_ogg
/kaggle/input/datasets/pankajsomkuwar/asvspoof-2021-df/ASVspoof2021_DF_eval_part01/ASVspoof2021_DF_eval/flac/DF_E_3114045.flac,0,DF_E_3114045,low_ogg
/kaggle/input/datasets/pankajsomkuwar/asvspoof-2021-df/ASVspoof2021_DF_eval_part00/ASVspoof2021_DF_eval/flac/DF_E_2622411.flac,0,DF_E_2622411,oggm4a
/kaggle/input/datasets/pankajsomkuwar/asvspoof-2021-df/ASVspoof2021_DF_eval_part03/ASVspoof2021_DF_eval/flac/DF_E_4655930.flac,0,DF_E_4655930,low_ogg
/kaggle/input/datasets/pankajsomkuwar/asvspoof-2021-df/ASVspoof2021_DF_eval_part00/ASVspoof2021_DF_eval/flac/DF_E_2125070.flac,0,DF_E_2125070,oggm4a
/kaggle/input/datasets/pankajsomkuwar/asvspoof-2021-df/ASVspoof2021_DF_eval_part00/ASVspoof2021_DF_eval/flac/DF_E_2033361.flac,0,DF_E_2033361,low_mp3
/kaggle/input/datasets/pankajsomkuwar/asvspoof-2021-df/ASVspoof2021_DF_eval_part00/ASVspoof2021_DF_eval/flac/DF_E_2590441.flac,0,DF_E_2590441,high_m4a
/kaggle/input/datasets/pankajsomkuwar/asvspoof-2021-df/ASVspoof2021_DF_eval_part03/ASVspoof2021_DF_eval/flac/DF_E_4575574.flac,0,DF_E_4575574,mp3m4a
/kaggle/input/datasets/pankajsomkuwar/asvspoof-2021-df/ASVspoof2021_DF_eval_part03/ASVspoof2021_DF_eval/flac/DF_E_4728142.flac,0,DF_E_4728142,oggm4a
/kaggle/input/datasets/pankajsomkuwar/asvspoof-2021-df/ASVspoof2021_DF_eval_part03/ASVspoof2021_DF_eval/flac/DF_E_4735370.flac,0,DF_E_4735370,high_mp3
/kaggle/input/datasets/pankajsomkuwar/asvspoof-2021-df/ASVspoof2021_DF_eval_part01/ASVspoof2021_DF_eval/flac/DF_E_2796451.flac,0,DF_E_2796451,low_mp3
/kaggle/input/datasets/pankajsomkuwar/asvspoof-2021-df/ASVspoof2021_DF_eval_part01/ASVspoof2021_DF_eval/flac/DF_E_3232751.flac,0,DF_E_3232751,oggm4a
/kaggle/input/datasets/pankajsomkuwar/asvspoof-2021-df/ASVspoof2021_DF_eval_part00/ASVspoof2021_DF_eval/flac/DF_E_2588709.flac,0,DF_E_2588709,high_m4a
/kaggle/input/datasets/pankajsomkuwar/asvspoof-2021-df/ASVspoof2021_DF_eval_part03/ASVspoof2021_DF_eval/flac/DF_E_4606101.flac,0,DF_E_4606101,nocodec
/kaggle/input/datasets/pankajsomkuwar/asvspoof-2021-df/ASVspoof2021_DF_eval_part01/ASVspoof2021_DF_eval/flac/DF_E_3056372.flac,0,DF_E_3056372,low_mp3
/kaggle/input/datasets/pankajsomkuwar/asvspoof-2021-df/ASVspoof2021_DF_eval_part00/ASVspoof2021_DF_eval/flac/DF_E_2717911.flac,0,DF_E_2717911,oggm4a
/kaggle/input/datasets/pankajsomkuwar/asvspoof-2021-df/ASVspoof2021_DF_eval_part03/ASVspoof2021_DF_eval/flac/DF_E_4592441.flac,0,DF_E_4592441,oggm4a
/kaggle/input/datasets/pankajsomkuwar/asvspoof-2021-df/ASVspoof2021_DF_eval_part00/ASVspoof2021_DF_eval/flac/DF_E_2238933.flac,0,DF_E_2238933,high_mp3
/kaggle/input/datasets/pankajsomkuwar/asvspoof-2021-df/ASVspoof2021_DF_eval_part03/ASVspoof2021_DF_eval/flac/DF_E_4359496.flac,0,DF_E_4359496,low_mp3
/kaggle/input/datasets/pankajsomkuwar/asvspoof-2021-df/ASVspoof2021_DF_eval_part03/ASVspoof2021_DF_eval/flac/DF_E_4435426.flac,0,DF_E_4435426,mp3m4a
/kaggle/input/datasets/pankajsomkuwar/asvspoof-2021-df/ASVspoof2021_DF_eval_part02/ASVspoof2021_DF_eval/flac/DF_E_3604681.flac,0,DF_E_3604681,high_mp3
/kaggle/input/datasets/pankajsomkuwar/asvspoof-2021-df/ASVspoof2021_DF_eval_part03/ASVspoof2021_DF_eval/flac/DF_E_4560127.flac,0,DF_E_4560127,nocodec
/kaggle/input/datasets/pankajsomkuwar/asvspoof-2021-df/ASVspoof2021_DF_eval_part01/ASVspoof2021_DF_eval/flac/DF_E_3377362.flac,0,DF_E_3377362,mp3m4a
/kaggle/input/datasets/pankajsomkuwar/asvspoof-2021-df/ASVspoof2021_DF_eval_part01/ASVspoof2021_DF_eval/flac/DF_E_3264885.flac,0,DF_E_3264885,low_mp3
/kaggle/input/datasets/pankajsomkuwar/asvspoof-2021-df/ASVspoof2021_DF_eval_part03/ASVspoof2021_DF_eval/flac/DF_E_4532456.flac,0,DF_E_4532456,low_m4a
/kaggle/input/datasets/pankajsomkuwar/asvspoof-2021-df/ASVspoof2021_DF_eval_part00/ASVspoof2021_DF_eval/flac/DF_E_2681751.flac,0,DF_E_2681751,high_mp3
/kaggle/input/datasets/pankajsomkuwar/asvspoof-2021-df/ASVspoof2021_DF_eval_part00/ASVspoof2021_DF_eval/flac/DF_E_2130459.flac,0,DF_E_2130459,oggm4a
/kaggle/input/datasets/pankajsomkuwar/asvspoof-2021-df/ASVspoof2021_DF_eval_part01/ASVspoof2021_DF_eval/flac/DF_E_3451985.flac,0,DF_E_3451985,low_m4a
/kaggle/input/datasets/pankajsomkuwar/asvspoof-2021-df/ASVspoof2021_DF_eval_part00/ASVspoof2021_DF_eval/flac/DF_E_2633922.flac,0,DF_E_2633922,low_mp3
/kaggle/input/datasets/pankajsomkuwar/asvspoof-2021-df/ASVspoof2021_DF_eval_part01/ASVspoof2021_DF_eval/flac/DF_E_3064384.flac,0,DF_E_3064384,low_m4a
/kaggle/input/datasets/pankajsomkuwar/asvspoof-2021-df/ASVspoof2021_DF_eval_part02/ASVspoof2021_DF_eval/flac/DF_E_3557154.flac,0,DF_E_3557154,high_ogg
/kaggle/input/datasets/pankajsomkuwar/asvspoof-2021-df/ASVspoof2021_DF_eval_part02/ASVspoof2021_DF_eval/flac/DF_E_4058788.flac,0,DF_E_4058788,nocodec
/kaggle/input/datasets/pankajsomkuwar/asvspoof-2021-df/ASVspoof2021_DF_eval_part00/ASVspoof2021_DF_eval/flac/DF_E_2038208.flac,0,DF_E_2038208,nocodec
/kaggle/input/datasets/pankajsomkuwar/asvspoof-2021-df/ASVspoof2021_DF_eval_part00/ASVspoof2021_DF_eval/flac/DF_E_2141192.flac,0,DF_E_2141192,high_mp3
/kaggle/input/datasets/pankajsomkuwar/asvspoof-2021-df/ASVspoof2021_DF_eval_part01/ASVspoof2021_DF_eval/flac/DF_E_2801736.flac,0,DF_E_2801736,nocodec
/kaggle/input/datasets/pankajsomkuwar/asvspoof-2021-df/ASVspoof2021_DF_eval_part03/ASVspoof2021_DF_eval/flac/DF_E_4826210.flac,0,DF_E_4826210,low_ogg
/kaggle/input/datasets/pankajsomkuwar/asvspoof-2021-df/ASVspoof2021_DF_eval_part03/ASVspoof2021_DF_eval/flac/DF_E_4961984.flac,0,DF_E_4961984,low_mp3
/kaggle/input/datasets/pankajsomkuwar/asvspoof-2021-df/ASVspoof2021_DF_eval_part02/ASVspoof2021_DF_eval/flac/DF_E_4045566.flac,0,DF_E_4045566,high_m4a
/kaggle/input/datasets/pankajsomkuwar/asvspoof-2021-df/ASVspoof2021_DF_eval_part02/ASVspoof2021_DF_eval/flac/DF_E_3632387.flac,0,DF_E_3632387,oggm4a
/kaggle/input/datasets/pankajsomkuwar/asvspoof-2021-df/ASVspoof2021_DF_eval_part02/ASVspoof2021_DF_eval/flac/DF_E_3923292.flac,0,DF_E_3923292,low_mp3
/kaggle/input/datasets/pankajsomkuwar/asvspoof-2021-df/ASVspoof2021_DF_eval_part01/ASVspoof2021_DF_eval/flac/DF_E_3246503.flac,1,DF_E_3246503,high_mp3
/kaggle/input/datasets/pankajsomkuwar/asvspoof-2021-df/ASVspoof2021_DF_eval_part03/ASVspoof2021_DF_eval/flac/DF_E_4359664.flac,1,DF_E_4359664,low_ogg
/kaggle/input/datasets/pankajsomkuwar/asvspoof-2021-df/ASVspoof2021_DF_eval_part02/ASVspoof2021_DF_eval/flac/DF_E_3981678.flac,1,DF_E_3981678,low_m4a
/kaggle/input/datasets/pankajsomkuwar/asvspoof-2021-df/ASVspoof2021_DF_eval_part01/ASVspoof2021_DF_eval/flac/DF_E_2854292.flac,1,DF_E_2854292,oggm4a
/kaggle/input/datasets/pankajsomkuwar/asvspoof-2021-df/ASVspoof2021_DF_eval_part01/ASVspoof2021_DF_eval/flac/DF_E_2851287.flac,1,DF_E_2851287,nocodec
/kaggle/input/datasets/pankajsomkuwar/asvspoof-2021-df/ASVspoof2021_DF_eval_part02/ASVspoof2021_DF_eval/flac/DF_E_4004708.flac,1,DF_E_4004708,high_mp3
/kaggle/input/datasets/pankajsomkuwar/asvspoof-2021-df/ASVspoof2021_DF_eval_part03/ASVspoof2021_DF_eval/flac/DF_E_4886469.flac,1,DF_E_4886469,low_ogg
/kaggle/input/datasets/pankajsomkuwar/asvspoof-2021-df/ASVspoof2021_DF_eval_part03/ASVspoof2021_DF_eval/flac/DF_E_4722867.flac,1,DF_E_4722867,low_m4a
/kaggle/input/datasets/pankajsomkuwar/asvspoof-2021-df/ASVspoof2021_DF_eval_part03/ASVspoof2021_DF_eval/flac/DF_E_4626703.flac,1,DF_E_4626703,high_mp3
/kaggle/input/datasets/pankajsomkuwar/asvspoof-2021-df/ASVspoof2021_DF_eval_part01/ASVspoof2021_DF_eval/flac/DF_E_3444162.flac,1,DF_E_3444162,high_ogg
/kaggle/input/datasets/pankajsomkuwar/asvspoof-2021-df/ASVspoof2021_DF_eval_part03/ASVspoof2021_DF_eval/flac/DF_E_4336331.flac,1,DF_E_4336331,high_m4a
/kaggle/input/datasets/pankajsomkuwar/asvspoof-2021-df/ASVspoof2021_DF_eval_part02/ASVspoof2021_DF_eval/flac/DF_E_3916301.flac,1,DF_E_3916301,oggm4a
/kaggle/input/datasets/pankajsomkuwar/asvspoof-2021-df/ASVspoof2021_DF_eval_part02/ASVspoof2021_DF_eval/flac/DF_E_4211577.flac,1,DF_E_4211577,high_m4a
/kaggle/input/datasets/pankajsomkuwar/asvspoof-2021-df/ASVspoof2021_DF_eval_part03/ASVspoof2021_DF_eval/flac/DF_E_4532551.flac,1,DF_E_4532551,low_mp3
/kaggle/input/datasets/pankajsomkuwar/asvspoof-2021-df/ASVspoof2021_DF_eval_part03/ASVspoof2021_DF_eval/flac/DF_E_4531209.flac,1,DF_E_4531209,high_mp3
/kaggle/input/datasets/pankajsomkuwar/asvspoof-2021-df/ASVspoof2021_DF_eval_part03/ASVspoof2021_DF_eval/flac/DF_E_4310624.flac,1,DF_E_4310624,high_mp3
/kaggle/input/datasets/pankajsomkuwar/asvspoof-2021-df/ASVspoof2021_DF_eval_part01/ASVspoof2021_DF_eval/flac/DF_E_2882376.flac,1,DF_E_2882376,high_ogg
/kaggle/input/datasets/pankajsomkuwar/asvspoof-2021-df/ASVspoof2021_DF_eval_part03/ASVspoof2021_DF_eval/flac/DF_E_4921011.flac,1,DF_E_4921011,low_mp3
/kaggle/input/datasets/pankajsomkuwar/asvspoof-2021-df/ASVspoof2021_DF_eval_part00/ASVspoof2021_DF_eval/flac/DF_E_2217703.flac,1,DF_E_2217703,oggm4a
/kaggle/input/datasets/pankajsomkuwar/asvspoof-2021-df/ASVspoof2021_DF_eval_part03/ASVspoof2021_DF_eval/flac/DF_E_4777688.flac,1,DF_E_4777688,high_m4a
/kaggle/input/datasets/pankajsomkuwar/asvspoof-2021-df/ASVspoof2021_DF_eval_part03/ASVspoof2021_DF_eval/flac/DF_E_4428481.flac,1,DF_E_4428481,high_ogg
/kaggle/input/datasets/pankajsomkuwar/asvspoof-2021-df/ASVspoof2021_DF_eval_part01/ASVspoof2021_DF_eval/flac/DF_E_2771641.flac,1,DF_E_2771641,low_ogg
/kaggle/input/datasets/pankajsomkuwar/asvspoof-2021-df/ASVspoof2021_DF_eval_part03/ASVspoof2021_DF_eval/flac/DF_E_4527932.flac,1,DF_E_4527932,low_mp3
/kaggle/input/datasets/pankajsomkuwar/asvspoof-2021-df/ASVspoof2021_DF_eval_part01/ASVspoof2021_DF_eval/flac/DF_E_3041084.flac,1,DF_E_3041084,high_ogg
/kaggle/input/datasets/pankajsomkuwar/asvspoof-2021-df/ASVspoof2021_DF_eval_part02/ASVspoof2021_DF_eval/flac/DF_E_3859067.flac,1,DF_E_3859067,high_m4a
/kaggle/input/datasets/pankajsomkuwar/asvspoof-2021-df/ASVspoof2021_DF_eval_part02/ASVspoof2021_DF_eval/flac/DF_E_4214530.flac,1,DF_E_4214530,low_mp3
/kaggle/input/datasets/pankajsomkuwar/asvspoof-2021-df/ASVspoof2021_DF_eval_part02/ASVspoof2021_DF_eval/flac/DF_E_3979016.flac,1,DF_E_3979016,high_m4a
/kaggle/input/datasets/pankajsomkuwar/asvspoof-2021-df/ASVspoof2021_DF_eval_part00/ASVspoof2021_DF_eval/flac/DF_E_2716885.flac,1,DF_E_2716885,low_mp3
/kaggle/input/datasets/pankajsomkuwar/asvspoof-2021-df/ASVspoof2021_DF_eval_part00/ASVspoof2021_DF_eval/flac/DF_E_2520417.flac,1,DF_E_2520417,high_mp3
/kaggle/input/datasets/pankajsomkuwar/asvspoof-2021-df/ASVspoof2021_DF_eval_part03/ASVspoof2021_DF_eval/flac/DF_E_4558675.flac,1,DF_E_4558675,high_mp3
/kaggle/input/datasets/pankajsomkuwar/asvspoof-2021-df/ASVspoof2021_DF_eval_part02/ASVspoof2021_DF_eval/flac/DF_E_4122789.flac,1,DF_E_4122789,oggm4a
/kaggle/input/datasets/pankajsomkuwar/asvspoof-2021-df/ASVspoof2021_DF_eval_part03/ASVspoof2021_DF_eval/flac/DF_E_4864329.flac,1,DF_E_4864329,high_m4a
/kaggle/input/datasets/pankajsomkuwar/asvspoof-2021-df/ASVspoof2021_DF_eval_part03/ASVspoof2021_DF_eval/flac/DF_E_4274266.flac,1,DF_E_4274266,high_m4a
/kaggle/input/datasets/pankajsomkuwar/asvspoof-2021-df/ASVspoof2021_DF_eval_part00/ASVspoof2021_DF_eval/flac/DF_E_2237542.flac,1,DF_E_2237542,nocodec
/kaggle/input/datasets/pankajsomkuwar/asvspoof-2021-df/ASVspoof2021_DF_eval_part03/ASVspoof2021_DF_eval/flac/DF_E_4769984.flac,1,DF_E_4769984,oggm4a
/kaggle/input/datasets/pankajsomkuwar/asvspoof-2021-df/ASVspoof2021_DF_eval_part00/ASVspoof2021_DF_eval/flac/DF_E_2312987.flac,1,DF_E_2312987,high_m4a
/kaggle/input/datasets/pankajsomkuwar/asvspoof-2021-df/ASVspoof2021_DF_eval_part03/ASVspoof2021_DF_eval/flac/DF_E_4594258.flac,1,DF_E_4594258,oggm4a
/kaggle/input/datasets/pankajsomkuwar/asvspoof-2021-df/ASVspoof2021_DF_eval_part00/ASVspoof2021_DF_eval/flac/DF_E_2397838.flac,1,DF_E_2397838,low_ogg
/kaggle/input/datasets/pankajsomkuwar/asvspoof-2021-df/ASVspoof2021_DF_eval_part03/ASVspoof2021_DF_eval/flac/DF_E_4855243.flac,1,DF_E_4855243,high_ogg
/kaggle/input/datasets/pankajsomkuwar/asvspoof-2021-df/ASVspoof2021_DF_eval_part02/ASVspoof2021_DF_eval/flac/DF_E_4056653.flac,1,DF_E_4056653,nocodec
/kaggle/input/datasets/pankajsomkuwar/asvspoof-2021-df/ASVspoof2021_DF_eval_part02/ASVspoof2021_DF_eval/flac/DF_E_4206964.flac,1,DF_E_4206964,high_ogg
/kaggle/input/datasets/pankajsomkuwar/asvspoof-2021-df/ASVspoof2021_DF_eval_part00/ASVspoof2021_DF_eval/flac/DF_E_2456476.flac,1,DF_E_2456476,low_ogg
/kaggle/input/datasets/pankajsomkuwar/asvspoof-2021-df/ASVspoof2021_DF_eval_part00/ASVspoof2021_DF_eval/flac/DF_E_2187859.flac,1,DF_E_2187859,high_ogg
/kaggle/input/datasets/pankajsomkuwar/asvspoof-2021-df/ASVspoof2021_DF_eval_part02/ASVspoof2021_DF_eval/flac/DF_E_3785019.flac,1,DF_E_3785019,high_ogg
/kaggle/input/datasets/pankajsomkuwar/asvspoof-2021-df/ASVspoof2021_DF_eval_part00/ASVspoof2021_DF_eval/flac/DF_E_2148437.flac,1,DF_E_2148437,nocodec
/kaggle/input/datasets/pankajsomkuwar/asvspoof-2021-df/ASVspoof2021_DF_eval_part00/ASVspoof2021_DF_eval/flac/DF_E_2309856.flac,1,DF_E_2309856,oggm4a
/kaggle/input/datasets/pankajsomkuwar/asvspoof-2021-df/ASVspoof2021_DF_eval_part03/ASVspoof2021_DF_eval/flac/DF_E_4837847.flac,1,DF_E_4837847,high_ogg
/kaggle/input/datasets/pankajsomkuwar/asvspoof-2021-df/ASVspoof2021_DF_eval_part00/ASVspoof2021_DF_eval/flac/DF_E_2149691.flac,1,DF_E_2149691,nocodec
/kaggle/input/datasets/pankajsomkuwar/asvspoof-2021-df/ASVspoof2021_DF_eval_part00/ASVspoof2021_DF_eval/flac/DF_E_2434180.flac,1,DF_E_2434180,low_m4a
/kaggle/input/datasets/pankajsomkuwar/asvspoof-2021-df/ASVspoof2021_DF_eval_part03/ASVspoof2021_DF_eval/flac/DF_E_4353183.flac,1,DF_E_4353183,low_ogg
